ID,VIDEO_ID,TITLE,PUBLISHEDDATE,CHANNEL,CHANNELTITLE,CATEGORYID,CATEGORY_TITLE,TRENDING_DATE,VIEW_COUNT,LIKES,DISLIKES,COMMENT_COUNT,COMMENTS_DISABLED,COUNTRY,RANK
fbf6f23a-0cee-4550-a622-37577704a540,_LtsoLSpnqE,Golden State Warriors at Los Angeles Lakers | Full Game Highlights,2021-10-13,UCVSSpcmZD2PwPBqb8yKQKBA,NBA on ESPN,17,Sports,2021-10-17,141590,1728,44,310,FALSE,GB,1
067da431-9b6a-42f3-a631-25c09d9189a3,5lYT3PnKWlI,HIGHLIGHTS | Abraham scores on his return! | Andorra 0-5 England | ITV Sport,2021-10-09,UCBzDz6beXDfMtfxQdEutD_w,ITV Sport,17,Sports,2021-10-17,231372,2177,96,0,TRUE,GB,1
ff806031-fa5a-4c65-bc42-e38330b2071d,R-kluI9wfs0,TOON IN TRAINING | Amanda Staveley and Mehrdad Ghodoussi Watch Training For the First Time,2021-10-11,UCywGl_BPp9QhD0uAcP2HsJw,Newcastle United,17,Sports,2021-10-17,53962,1388,28,308,FALSE,GB,1
e14994e1-8f2f-4c13-a52c-643b483c6487,Ar_qqRShHHU,Deontay Wilder and Tyson Fury electric walkouts | PBC ON FOX | Fury vs Wilder III,2021-10-10,UCxm10NbD7LF1fVYcbHbcbXg,PBC ON FOX,17,Sports,2021-10-17,2364213,23865,1246,6341,FALSE,GB,1
ca57e028-a6c0-465a-be3f-86b760f3efca,se4snb8F9ZA,Tyson Fury ‚Ä¢ FULL POST FIGHT PRESS CONFERENCE vs. Deontay Wilder 3 ‚Ä¢ T-Mobile Arena,2021-10-10,UCEVVENPnHv-kcp2PqQuJvHg,SecondsOut,17,Sports,2021-10-17,2410216,20375,774,4490,FALSE,GB,1
f890f196-48dc-4fb8-94ad-f0662da54a41,2ML6S42HpLw,HIGHLIGHTS | Stones salvages a draw for Three Lions | England 1-1 Hungary | ITV Sport,2021-10-12,UCBzDz6beXDfMtfxQdEutD_w,ITV Sport,17,Sports,2021-10-17,109898,694,60,0,TRUE,GB,1
38dad1a5-efc7-48c7-bba2-ccaf34642e99,r8e-QPSF5Yc,Kraken @ Golden Knights 10/12/21 | NHL Highlights,2021-10-13,UCqFMzb-4AUf6WAIbl132QKA,NHL,17,Sports,2021-10-17,193542,2602,76,666,FALSE,GB,1
9d47c570-d18c-438a-a59b-3b5cfab3142d,Dn3zfJh01eg,Fury vs. Wilder was the greatest fight I have ever attended - Stephen A. Smith | First Take,2021-10-11,UCiWLfSweyRNmLpgEHekhoAg,ESPN,17,Sports,2021-10-17,452169,5359,904,1238,FALSE,GB,1
ed647c80-b4fd-40f7-8129-d9b031a64410,aioiScaqPWY,FIGHT USYK OR DON'T BOTHER!‚ùå John Fury rules out a fight between Tyson Fury and Dillian Whyte,2021-10-11,UCWw6scNyopJ0yjMu1SyOEyw,talkSPORT,17,Sports,2021-10-17,238571,2757,98,1340,FALSE,GB,1
e91eaa3c-39cb-4b96-bcb6-f9af67634847,ES4S1aNsSb0,Sore loser! An idiot! Tyson Fury reveals what was said between him & Deontay Wilder after huge win,2021-10-10,UC-hWvVvE-crFl5vg5G8QbqA,BT Sport Boxing,17,Sports,2021-10-17,6913800,76838,2088,11112,FALSE,GB,1
31966dc8-36f5-4772-ad0f-3aee4db7c2d7,laPC4ibZnSM,The third Deontay Wilder - Tyson Fury fight lived up to the expectations - Shannon I UNDISPUTED,2021-10-11,UCLXzq85ijg2LwJWFrz4pkmw,Skip and Shannon: UNDISPUTED,17,Sports,2021-10-17,980545,14248,483,2912,FALSE,GB,1
9f6a9d2c-e42e-496c-bf7a-b2690e95268f,X-ihI4PAU_I,Ringside POV: Every Knock Down and KO From Tyson Fury vs. Deontay Wilder Trilogy Fight,2021-10-11,UCWre6ryuk_CnWwx4uZCKuAw,Sporting News,17,Sports,2021-10-17,925023,11238,323,2495,FALSE,GB,1
888b8b03-b1de-4269-9cee-302d4d232635,FLOcPilRw-M,Lakers new Big 3 looked like a fire drill in loss to Warriors ‚Äî Skip & Shannon | NBA | UNDISPUTED,2021-10-13,UCLXzq85ijg2LwJWFrz4pkmw,Skip and Shannon: UNDISPUTED,17,Sports,2021-10-17,1077193,12330,473,3100,FALSE,GB,1
3072407e-d0cb-4536-938b-0ec45898ffcb,VzIjjGipjL8,Foxes end United‚Äôs away unbeaten run in SIX goal thriller! | Leicester 4-2 Man Utd | EPL Highlights,2021-10-16,UCNAf1k0yIjyGu3k9BwAg3lg,Sky Sports Football,17,Sports,2021-10-17,1461901,24113,812,3188,FALSE,GB,1
7d61a2aa-440e-4c4d-9456-862b66c2d283,Flj-KI9fOoM,World's Smallest TV | OT 30,2021-10-11,UCRijo3ddMTht_IHyNSNXpNQ,Dude Perfect,17,Sports,2021-10-17,6222811,243518,4150,8519,FALSE,GB,1
e9d53d8d-9ea3-4f88-8729-bc3c8d3ac7b4,OFbbKrAWL4Y,HIGHLIGHTS | Juventus vs. Chelsea -- UEFA Women's Champions League 2021-22,2021-10-13,UCxgii5f9u4YgXCeubCozbEA,DAZN UEFA Women's Champions League,17,Sports,2021-10-17,162229,2626,65,143,FALSE,GB,1
68519fd8-a8be-46b5-9d6e-bcf37a4c2e1d,qMbZu152twA,Testing EVERY Weird Product that Footballers have Advertised,2021-10-12,UCtg9Di0mubuM_Cpw9OTRaDQ,Kieran Brown,17,Sports,2021-10-17,670945,16393,202,372,FALSE,GB,1
0a389432-62b4-40c7-8720-874b972a969e,rdM9YeUkXPQ,"Once again it's gonna be a bunch of excuses, says Jeff Mayweather about Fury knocking out Wilder",2021-10-13,UCovE49sAswHPZUO-ImVJ0yw,The Mayweather Channel,17,Sports,2021-10-17,163944,2734,146,1705,FALSE,GB,1
556f1f53-f9b2-4307-a78c-451e0820c986,xLcqs41-0dg,BRASIL 4 X 1 URUGUAI | MELHORES MOMENTOS | 12¬™ RODADA ELIMINAT√ìRIAS DA COPA | ge.globo,2021-10-15,UCgCKagVhzGnZcuP9bSMgMCg,ge,17,Sports,2021-10-17,4562725,167969,2996,10283,FALSE,GB,1
11753c86-0a37-4d0d-9e7c-cfc73ace1b85,W4aYm4wawwA,Tyson Fury v Deontay Wilder 3 üî• Official Fight Highlights | Greatest Heavyweight Fight Of All-Time?,2021-10-14,UC-hWvVvE-crFl5vg5G8QbqA,BT Sport Boxing,17,Sports,2021-10-17,1113579,20585,306,2707,FALSE,GB,1
84cb0dac-95e9-451a-8971-a94662c06724,8MYBDex7QF8,"The Overlap Live Fan Debate 2.0: Gary Neville, Jamie Carragher & Paul Scholes | PL Returns Part 1",2021-10-14,UCjXIw1GlwaY1IzpW_jN9iCQ,The Overlap,17,Sports,2021-10-17,881660,17022,344,4251,FALSE,GB,1
24c7a261-602b-4966-8ae3-04e75e3839b5,5qcKiL7AOD8,"Lesnar returns for the Universal Title Match Contract Signing with Reigns: SmackDown, Oct. 15, 202..",2021-10-16,UCJ5v_MCY6GNUBTO8-D3XoAg,WWE,17,Sports,2021-10-17,2872431,81462,1596,4664,FALSE,GB,1
f9fc4b1d-5d8c-4a13-a4d8-0bf2cb833e21,k6KTMc-FDAc,"The Overlap Live Fan Debate 2.0: Gary Neville, Jamie Carragher & Paul Scholes | PL Returns Part 2",2021-10-15,UCjXIw1GlwaY1IzpW_jN9iCQ,The Overlap,17,Sports,2021-10-17,625384,11127,278,2363,FALSE,GB,1
618bce9d-c8e4-46dc-bfeb-68d584c3b645,xB5c1yx3p4E,Neves' strike completes AMAZING Wolves comeback! | Aston Villa 2-3 Wolves | EPL Highlights,2021-10-16,UCNAf1k0yIjyGu3k9BwAg3lg,Sky Sports Football,17,Sports,2021-10-17,683465,10989,212,898,FALSE,GB,1
6a413358-1f67-41c2-b931-d4632704c34f,yzLNXqKL5VY,Salah scores STUNNER as Firmino hits hat-trick! | Watford 0-5 Liverpool | Premier League Highlights,2021-10-16,UCNAf1k0yIjyGu3k9BwAg3lg,Sky Sports Football,17,Sports,2021-10-17,1193266,20377,329,1666,FALSE,GB,1
713d8ff2-b0f5-4e6c-a772-77b5654a98f1,Flj-KI9fOoM,World's Smallest TV | OT 30,2021-10-11,UCRijo3ddMTht_IHyNSNXpNQ,Dude Perfect,17,Sports,2021-10-17,6222811,243518,4150,8519,FALSE,CA,1
011f3c54-723e-4409-b29d-f821071113d2,avtPpUNaDV4,"Le film de la finale de l'UEFA Nations League, Equipe de France I FFF 2021",2021-10-11,UCeJlXGyEl7kBgQJKADAHM3A,F√©d√©ration Fran√ßaise de Football,17,Sports,2021-10-17,1504302,46069,609,1875,FALSE,CA,1
e6a2d55d-53e9-4315-9118-e5800a1fd1f0,ES4S1aNsSb0,Sore loser! An idiot! Tyson Fury reveals what was said between him & Deontay Wilder after huge win,2021-10-10,UC-hWvVvE-crFl5vg5G8QbqA,BT Sport Boxing,17,Sports,2021-10-17,6913800,76838,2088,11112,FALSE,CA,1
2d1983da-2e08-4ff7-b9d7-1d6a6031991b,_c3psT63Prs,Leylah Fernandez vs. Anastasia Pavlyuchenkova | 2021 Indian Wells Round of 32 | WTA Match Highlights,2021-10-11,UCaBIVVpHjq6j3tSyxwTE-8Q,WTA,17,Sports,2021-10-17,313319,3061,148,665,FALSE,CA,1
f91b3ee2-5419-4e1c-ad9a-bbccb299ac27,vcDMFSElaFc,#AsianQualifiers - Group A : IR Iran 1 - 1 Korea Republic,2021-10-12,UCXTRFt1vLvZpahQtiKJjLaQ,AFC Asian Cup,17,Sports,2021-10-17,533829,6854,208,1935,FALSE,CA,1
f9ba1919-e5a6-4d97-9ad7-f19bfa8042f6,RHSglqq5bho,Shelby Rogers vs. Leylah Fernandez | 2021 Indian Wells Round of 16 | WTA Match Highlights,2021-10-12,UCaBIVVpHjq6j3tSyxwTE-8Q,WTA,17,Sports,2021-10-17,285717,2347,95,757,FALSE,CA,1
1cb8c9a3-8ca0-46be-8869-3b214f8c1001,ZLqSeKKHi_w,Jumping Bikes Off A 4 Story Building (to give Red Bull Rampage context),2021-10-12,UCblfuW_4rakIf2h6aqANefA,Red Bull,17,Sports,2021-10-17,310026,9531,232,297,FALSE,CA,1
6355dd53-1a05-44f9-a940-f28e23aaca29,F3tP1n3TUUA,"RAPTORS at WIZARDS | NBA PRESEASON FULL GAME HIGHLIGHTS | October 12, 2021",2021-10-13,UCWJ2lWNubArHWmf3FIHbfcQ,NBA,17,Sports,2021-10-17,439132,3940,118,730,FALSE,CA,1
0f0002e2-2aff-4a6f-9427-e95c8da7d1e0,BswmD3wEicU,"Espagne 1-2 France, le reÃÅsumeÃÅ - Finale UEFA Nations League I FFF 2021",2021-10-11,UCeJlXGyEl7kBgQJKADAHM3A,F√©d√©ration Fran√ßaise de Football,17,Sports,2021-10-17,1454288,22460,799,1332,FALSE,CA,1
4528c34d-59d3-4399-bf20-e20160a5ffa7,KrTdXnPr9hE,Canadiens @ Maple Leafs 10/13/21 | NHL Highlights,2021-10-14,UCqFMzb-4AUf6WAIbl132QKA,NHL,17,Sports,2021-10-17,126976,1229,58,215,FALSE,CA,1
01238031-91b5-4d5a-bbe8-34f4b7f474fe,5qcKiL7AOD8,"Lesnar returns for the Universal Title Match Contract Signing with Reigns: SmackDown, Oct. 15, 202..",2021-10-16,UCJ5v_MCY6GNUBTO8-D3XoAg,WWE,17,Sports,2021-10-17,2872431,81462,1597,4664,FALSE,CA,1
04d9b118-87e8-4e1d-a46a-525e69188ae3,dSjImSIcdGY,Team OM legends 7-4 Team Unicef l Le r√©sum√© complet de la rencontre,2021-10-13,UCoKweTwEeA-D9vuSVw_Z_DQ,OM,17,Sports,2021-10-17,1381539,26537,506,1137,FALSE,CA,1
77df702b-6e61-4847-bdfc-58ac6e407843,FLOcPilRw-M,Lakers new Big 3 looked like a fire drill in loss to Warriors ‚Äî Skip & Shannon | NBA | UNDISPUTED,2021-10-13,UCLXzq85ijg2LwJWFrz4pkmw,Skip and Shannon: UNDISPUTED,17,Sports,2021-10-17,1077193,12330,473,3100,FALSE,CA,1
3dc8f726-ec1d-422a-bef6-643a52db22c3,uiJIC0g078U,How Donovan Mitchell Spent His First $1M in the NBA | My First Million | GQ Sports,2021-10-13,UCKbNOpmhmwBuJXXMYOg_txA,GQ Sports,17,Sports,2021-10-17,431912,15298,84,705,FALSE,CA,1
cec78e72-17bb-4e30-af5f-ed58358ecc47,AxVZwGAFVG0,‚ÄúAUSTON PICKED ME?!‚Äù LEAFS CALL EACH OTHER OUT FOR FUN,2021-10-13,UC--i2rV5NCxiEIPefr3l-zQ,TSN,17,Sports,2021-10-17,193456,5803,88,430,FALSE,CA,1
b6c7ac2f-031c-4515-bbae-1a02164fb479,n7-RReFPXag,Eliminatorias | Brasil 4-1 Uruguay | Fecha 12,2021-10-15,UCzU8-lZlRfkV3nj0RzAZdrQ,CONMEBOL,17,Sports,2021-10-17,4354963,0,0,7293,FALSE,CA,1
98b6c973-3a18-476e-aa6c-9542d7a6d0c1,EPDZ1NPs8EI,"HIGHLIGHTS: Canada vs. Panama in World Cup Qualifying (Oct. 13, 2021)",2021-10-14,UCC8KlJfNKi_e6TC6RH8GDlA,OneSoccer,17,Sports,2021-10-17,150183,2626,29,699,FALSE,CA,1
e4861d9c-c40a-43be-8e8c-3a27124aab42,WWHT7rmqsss,Breaking Down Alphonso Davies' spectacular goal against Panama | World Cup Qualifier,2021-10-14,UCOGxnF5dWQtoEz6E-msabZA,CBC Sports,17,Sports,2021-10-17,253931,4059,98,456,FALSE,CA,1
76a83062-0e0e-461b-b5ef-457ccc6ae35d,fVYbmBS8ws4,Brandon Semenuk Makes Red Bull Rampage History Once Again | Winning Run 2021,2021-10-15,UCXqlds5f7B2OOs9vQuevl4A,Red Bull Bike,17,Sports,2021-10-17,292227,9108,89,412,FALSE,CA,1
35c06fd1-e064-4549-b82c-eb44f8ee268d,jBg61q8FcwA,JE TEST LE SKATE VERSACE ! (590‚Ç¨),2021-10-16,UCHvvKU6JqJbETm0VX459_qg,Joseph Garbaccio,17,Sports,2021-10-17,82727,14281,41,286,FALSE,FR,1
4c9c4ce2-87f4-47b4-aa1a-2625e37887a7,dSjImSIcdGY,Team OM legends 7-4 Team Unicef l Le r√©sum√© complet de la rencontre,2021-10-13,UCoKweTwEeA-D9vuSVw_Z_DQ,OM,17,Sports,2021-10-17,1381539,26537,506,1137,FALSE,FR,1
e83fa421-99d3-4c17-95f7-b9203eb76fa4,Qd961IK1wJI,J'ai tir√© 100 FOIS face √† un GARDIEN de LIGUE 1 et j'ai marqu√© ___ buts (avec @Evan Switch),2021-10-15,UCsRSMLpmuhnNcQKHuuyrVsQ,LEVY,17,Sports,2021-10-17,74081,3523,46,121,FALSE,FR,1
5f0c71bc-6ed0-444d-8f49-798187b2a500,5qcKiL7AOD8,"Lesnar returns for the Universal Title Match Contract Signing with Reigns: SmackDown, Oct. 15, 202..",2021-10-16,UCJ5v_MCY6GNUBTO8-D3XoAg,WWE,17,Sports,2021-10-17,2872431,81462,1597,4664,FALSE,FR,1
38867d2c-6173-4b50-8804-6600abb99117,4yyH7gziEtU,üèÜüåé R√©sum√© - Qualif. CDM 2022 : Le Br√©sil et Neymar XXL contre l'Uruguay,2021-10-15,UCfj4kQ6_mYO5r4hzX5KloVw,beIN SPORTS France,17,Sports,2021-10-17,427127,9082,111,495,FALSE,FR,1
496b8271-c1e6-44e6-9ea1-b3f281b01407,HyuSaG1Wpbk,*37 JUNINHO - CONTES DE FOOT,2021-10-14,UCrD9KhV8IUjmy2GErWS3BYQ,Contes de Foot,17,Sports,2021-10-17,75679,5756,11,476,FALSE,FR,1
6b800c5e-c786-4911-8fe8-a69b72148d87,l4akF5pneEQ,Je traverse seul la JUNGLE √† la RAME ! (Amazonie) 2/3,2021-10-13,UCW0c8H6A5860RyfkXwxBpnQ,Nico Mathieux,17,Sports,2021-10-17,140075,13696,61,566,FALSE,FR,1
9a5eb364-e153-48f9-ac2e-68888eb3931d,avtPpUNaDV4,"Le film de la finale de l'UEFA Nations League, Equipe de France I FFF 2021",2021-10-11,UCeJlXGyEl7kBgQJKADAHM3A,F√©d√©ration Fran√ßaise de Football,17,Sports,2021-10-17,1504302,46069,609,1875,FALSE,FR,1
27066297-e747-4952-a872-d041f141ff5f,E-vEpP3Z-dE,Les buts de Portugal - Luxembourg - Foot - Qualif. CM 2022,2021-10-12,UCyIV8rkza5Uk_sJIhqilBvQ,L'√âQUIPE,17,Sports,2021-10-17,206575,3376,130,451,FALSE,FR,1
b3176b1f-096e-40af-912e-4a020c545c00,3uYwP_J9PkE,"√Ä 17 ans, il pousse plus de 200 kg au d√©velopp√© couch√© !",2021-10-13,UC1GdNuXC7byr3d-b1m7er0Q,Le Musclay,17,Sports,2021-10-17,73010,3629,64,314,FALSE,FR,1
af8d6fde-a3be-43e1-995f-14bf481b8c2d,BswmD3wEicU,"Espagne 1-2 France, le reÃÅsumeÃÅ - Finale UEFA Nations League I FFF 2021",2021-10-11,UCeJlXGyEl7kBgQJKADAHM3A,F√©d√©ration Fran√ßaise de Football,17,Sports,2021-10-17,1454288,22460,799,1332,FALSE,FR,1
31f678b0-6116-46dc-9fc6-f524ba9fed61,5hKOXrKTDBI,Niger v Algeria | FIFA World Cup Qatar 2022 Qualifier | Match Highlights,2021-10-12,UCpcTrCXblq78GZrTUTLWeBw,FIFATV,17,Sports,2021-10-17,469853,7709,296,1383,FALSE,FR,1
e65dd4fb-2ec5-44ee-932b-dd21129ba737,xNi-I5X34bA,Les buts de Niger - Alg√©rie - Foot - Qualif. CM 2022,2021-10-12,UCyIV8rkza5Uk_sJIhqilBvQ,L'√âQUIPE,17,Sports,2021-10-17,71449,847,44,280,FALSE,FR,1
294c7c1f-1d29-46c5-b88a-249cdcecf200,7jRyqm8Sues,Le SEUM MONUMENTAL d'Aymeric Laporte apr√®s Espagne-France | JT Foot Mercato,2021-10-11,UCrzDtXyuSBch2u_31JJj-Dw,Foot Mercato,17,Sports,2021-10-17,235507,7855,309,955,FALSE,FR,1
b728e94c-e71e-4755-b52a-4848afa94bec,wh09kf1-krA,Super Champions 2021 üíõü¶Å | We are the Chennai Boys.! #WhistlePodu,2021-10-15,UC2J_VKrAzOEJuQvFFtj3KUw,Chennai Super Kings,17,Sports,2021-10-17,2027297,138711,2079,6504,FALSE,IN,1
a42fedf3-2619-43ac-be0a-931a453a14ad,_SMkDYW60mM,"The Super Champions Celebrations | Whistles, Dance and Cheers",2021-10-17,UC2J_VKrAzOEJuQvFFtj3KUw,Chennai Super Kings,17,Sports,2021-10-17,2220136,153580,1550,2849,FALSE,IN,1
069f6afe-0eef-445e-beae-98d7ef1f7761,FHg_b8qzA1U,AAJTAK SHOW: CSK ‡§ï‡•Ä ‡§∂‡§æ‡§®‡§¶‡§æ‡§∞ ‡§ú‡•Ä‡§§ ‡§ï‡•á ‡§¨‡§æ‡§¶ Raina ‡§®‡•á ‡§¨‡§§‡§æ‡§Ø‡§æ ‡§¨‡§°‡§º‡•á Match ‡§ï‡•á ‡§™‡§π‡§≤‡•á ‡§ï‡•ç‡§Ø‡§æ ‡§¨‡•ã‡§≤‡§§‡•á ‡§π‡•à‡§Ç Dhoni,2021-10-16,UCVXCo0W9pk2dDkEBNLhTt7A,Sports Tak,17,Sports,2021-10-17,493204,27674,692,907,FALSE,IN,1
e1db0498-73bc-41b4-90fb-35cb03811835,41mnu4ttBQw,"CSKvsKKR: ‡§ß‡•ã‡§®‡•Ä ‡§ï‡•Ä ‡§ü‡•ã‡§≤‡•Ä ‡§®‡•á ‡§´‡§º‡§ø‡§∞ ‡§Æ‡§æ‡§∞‡•Ä ‡§¨‡§æ‡§ú‡§º‡•Ä, ‡§ö‡•á‡§®‡•ç‡§®‡§à ‡§ö‡•å‡§•‡•Ä ‡§¨‡§æ‡§∞ ‡§Ü‡§à‡§™‡•Ä‡§è‡§≤ ‡§ö‡•à‡§Ç‡§™‡§ø‡§Ø‡§® ‡§¨‡§®‡•Ä",2021-10-15,UCujuVKmt_utAQZJghxlRMIQ,ESPNcricinfo,17,Sports,2021-10-17,510352,15596,493,892,FALSE,IN,1
9fe387c2-4e87-4c66-bb5f-c7280c034acf,37yI2c7qjVo,"LIVE: CHENNAI ‡§ï‡•á ‡§™‡§∞‡§æ‡§ï‡•ç‡§∞‡§Æ ‡§ï‡•á ‡§∏‡§æ‡§Æ‡§®‡•á ‡§ß‡•ç‡§µ‡§∏‡•ç‡§§ ‡§π‡•Å‡§Ü KOLKATA, ‡§ö‡•å‡§•‡•Ä ‡§¨‡§æ‡§∞ ‡§¨‡§®‡§æ CHAMPION CSK | #IPL2021",2021-10-15,UCVXCo0W9pk2dDkEBNLhTt7A,Sports Tak,17,Sports,2021-10-17,599441,21941,1111,1050,FALSE,IN,1
0d35c204-dfd0-41f5-bd90-50174aaba2b5,lgUjjyOu9lA,"Cricbuzz LIVE ‡§π‡§ø‡§®‡•ç‡§¶‡•Ä: ‡•û‡§æ‡§á‡§®‡§≤, ‡§ö‡•á‡§®‡•ç‡§®‡§à v ‡§ï‡•ã‡§≤‡§ï‡§æ‡§§‡§æ, ‡§™‡•ã‡§∏‡•ç‡§ü-‡§Æ‡•à‡§ö ‡§∂‡•ã",2021-10-15,UCSRQXk5yErn4e14vN76upOw,Cricbuzz,17,Sports,2021-10-17,208630,6707,237,318,FALSE,IN,1
c48249f3-d7f1-44e0-a82d-7a03f204be16,MiAiudP8d7g,CHENNAI - the GREATEST Ind T20 League team EVER? | Betway Cricket Chaupaal E128 | Aakash Chopra,2021-10-16,UCQYRGzYaVa7aWd8TsbjdJ6Q,Aakash Chopra,17,Sports,2021-10-17,647440,61549,1370,3888,FALSE,IN,1
f8926205-e3df-49f7-a251-7495d268a820,YrbXdbhJ1fw,BREAKING: Mentor Dhoni ‡§∏‡•á ‡§≤‡•á‡§ï‡§∞ Coach Dravid ‡§∏‡•á ‡§≤‡•á‡§ï‡§∞ Chahal ‡§§‡§ï Virat ‡§®‡•á ‡§§‡•ã‡§°‡§º‡•Ä ‡§ö‡•Å‡§™‡•ç‡§™‡•Ä | SPORTS TAK,2021-10-16,UCVXCo0W9pk2dDkEBNLhTt7A,Sports Tak,17,Sports,2021-10-17,609921,26150,2349,1449,FALSE,IN,1
a7cf779e-4b47-4d73-a78b-94817f2a9615,jrGqnmMkR7I,IPL 2021 Final Live | CSK vs KKR Final Live | Chennai Super Kings vs Kolkata Knight Riders Live,2021-10-15,UCRVz3CuLw7GCQSOIibW1w3w,Sports Updates By Chandan 1,17,Sports,2021-10-17,931830,12364,1171,19,FALSE,IN,1
49eca5cc-6a4b-4a6b-abb4-028b130b2871,7EWQ_ertN40,Roman Reigns vs. Brock Lesnar‚Äì Road to WWE Crown Jewel: WWE Playlist,2021-10-15,UCJ5v_MCY6GNUBTO8-D3XoAg,WWE,17,Sports,2021-10-17,2482492,77037,2846,2352,FALSE,IN,1
52e413a4-069e-469c-a756-c615e383424d,rfs_GlSHMl4,ICC Men's T20 World Cup 2021: Buy 1 Break 1 Free Offer,2021-10-13,UCmqfX0S3x0I3uwLkPdpX03w,Star Sports,17,Sports,2021-10-17,2262739,154844,1927,6199,FALSE,IN,1
53999116-129a-4feb-bf8f-8fa507d1a04c,IXKu3w5-glc,IND v AUS | 2016 T20WC | Hindi Highlights,2021-10-11,UCt2JXOLNxqry7B_4rRZME3Q,ICC,17,Sports,2021-10-17,2363322,62295,1911,1830,FALSE,IN,1
0ce89e6a-e209-4941-9d2d-c3d7894ac27b,Jx5ni9GgYpk,Haaland Brace Seals the Deal! | Borussia Dortmund - 1. FSV Mainz 05 3-1 | All Goals | Matchday 8,2021-10-16,UC6UL29enLNe4mqwTfAyeNuw,Bundesliga,17,Sports,2021-10-17,573815,13672,143,454,FALSE,MX,1
fc6ac0f9-e475-41fa-ac0a-64bf956679f8,n7-RReFPXag,Eliminatorias | Brasil 4-1 Uruguay | Fecha 12,2021-10-15,UCzU8-lZlRfkV3nj0RzAZdrQ,CONMEBOL,17,Sports,2021-10-17,4354963,0,0,7293,FALSE,MX,1
5b77b683-80fa-4a13-98f7-bcdac4b2fdb8,Z_SkdXnEyNU,Dodgers vs. Giants NLDS Game 5 Highlights (10/14/21) | MLB Highlights,2021-10-15,UCoLrcjPV5PbUrUyXq5mjc_A,MLB,17,Sports,2021-10-17,902793,12395,579,2780,FALSE,MX,1
8f78c174-913f-410b-87cf-cc82bdcdfa44,gqahm6-dCKI,El Salvador 0-2 MeÃÅxico | Resumen | Octagonal Final Rumbo a Qatar 2022,2021-10-14,UCe3Ev4a4Sm9L5aO9sJJ_WXw,TV Azteca Deportes,17,Sports,2021-10-17,1002785,13832,593,1351,FALSE,MX,1
dec7110b-aa39-4313-9ebf-ebb2471b3572,tmzS_Zi2skU,¬°EL TRI YA EST√Å EN EL PA√çS! As√≠ fue la llegada de M√©xico a El Salvador,2021-10-13,UCV-6dbHTGsSR-7DdwlrjosA,Deportes Canal 4,17,Sports,2021-10-17,185075,3027,126,762,FALSE,MX,1
69d13c2e-c4a0-4c03-ba13-d35ce87c0848,uEXT-HlNVC4,‚öΩ KUN AG√úERO FIRST GOAL FOR BAR√áA üíô‚ù§Ô∏è,2021-10-13,UC14UlmYlSNiQCBe9Eookf_A,FC Barcelona,17,Sports,2021-10-17,1264523,48977,1206,1609,FALSE,MX,1
5f49d2db-74c3-4fc1-b149-11a39670161e,0SR9SVqewCw,Resumen y goles | M√©xico 3-0 Honduras | Eliminatoria Catar 2021 | TUDN,2021-10-11,UCTIyEyDNHPrwVFPhpi5dm0A,TUDN M√©xico,17,Sports,2021-10-17,2092874,30437,1698,3439,FALSE,MX,1
67703e3e-32e9-42c8-a72d-465799705ed4,mnApD7lD2iY,Argentina 3-0 Uruguay I Eliminatorias a Catar 2022,2021-10-11,UC72ZaBKI-Bo5fjmWEYonhJw,TyC Sports,17,Sports,2021-10-17,2794195,38748,1322,5553,FALSE,MX,1
df19dab9-e832-4ab6-afde-edcc54590c79,ZGRpHy0qoN4,Race Highlights | 2021 Turkish Grand Prix,2021-10-10,UCB_qr75-ydFVKSF9Dmo6izg,FORMULA 1,17,Sports,2021-10-17,5165706,109885,1327,5231,FALSE,MX,1
53607812-2b61-4028-bd8d-aaead9e96126,ZYkQz5YNYbU,Resumen del GP de Turqu√≠a - F1 2021,2021-10-10,UC89aCe0fFyScFU-NegT2CFQ,Efeuno,17,Sports,2021-10-17,258111,10363,280,582,FALSE,MX,1
b7efbb4a-acb4-46f1-b391-df80e523a249,0ZdPJ-rVcC0,ASI REACCIONA PRENSA EUROPEA a PODIO de CHECO PEREZ GRAN PREMIO FORMULA 1 TURQUIA,2021-10-10,UCH8zPUHfMy13W0KsPfuTBaA,VERSATILSPORTS,17,Sports,2021-10-17,180015,0,0,189,FALSE,MX,1
136ec02c-d939-4227-af68-6633aa9a89e5,zIMH50JYxDc,RESULTADOS y TABLA DE POSICIONES Jornada #5 OCTAGONAL FINAL CONCACAF rumbo a CATAR 2022,2021-10-11,UCfa8xQbAJPAqFcmAP9f-JBg,DaniFut,17,Sports,2021-10-17,199324,3547,138,842,FALSE,MX,1
80964dff-3c78-46d8-923b-46dac2470923,VNRP4-XSTRM,CHILE 2 - 0 PARAGUAY | Clasificatorias Qatar 2022 | RESUMEN Y GOLES,2021-10-11,UChCovZlgNh2x6Z57MJ5fhFw,TNT Sports Chile,17,Sports,2021-10-17,1060355,12856,490,1840,FALSE,MX,1
f78ec669-a6a3-42cd-af64-745de384d5d0,L_UPmWPxYxg,Hugo P√©rez habl√≥ claro sobre el pr√≥ximo duelo frente a M√©xico por la Octagonal de Concacaf,2021-10-12,UCV-6dbHTGsSR-7DdwlrjosA,Deportes Canal 4,17,Sports,2021-10-17,75138,1116,45,355,FALSE,MX,1
f952fefb-dc3f-4563-840f-1754ba3495f0,oQydeAziFtQ,Resumen y goles | Chivas 4-1 Le√≥n | Partido Amistoso | TUDN,2021-10-10,UCTIyEyDNHPrwVFPhpi5dm0A,TUDN M√©xico,17,Sports,2021-10-17,848761,8959,667,1881,FALSE,MX,1
f9afe89f-a570-41f3-b89d-ddcdb3374142,z64B4yaDulA,Eliminatorias | Venezuela 2-1 Ecuador | Fecha 5,2021-10-11,UCzU8-lZlRfkV3nj0RzAZdrQ,CONMEBOL,17,Sports,2021-10-17,1460905,0,0,2855,FALSE,MX,1
1db01c5a-5a26-4b82-8719-852716fa9a94,xLcqs41-0dg,BRASIL 4 X 1 URUGUAI | MELHORES MOMENTOS | 12¬™ RODADA ELIMINAT√ìRIAS DA COPA | ge.globo,2021-10-15,UCgCKagVhzGnZcuP9bSMgMCg,ge,17,Sports,2021-10-17,4562725,167969,2996,10283,FALSE,BR,1
3db39d2b-8783-4609-929e-a7e6cb0b5dae,G0WkcAO2mGI,VASCO 2 X 1 CORITIBA | MELHORES MOMENTOS | 30¬™ RODADA S√âRIE B 2021 | ge.globo,2021-10-16,UCgCKagVhzGnZcuP9bSMgMCg,ge,17,Sports,2021-10-17,466392,22041,332,1495,FALSE,BR,1
15bb0da9-d2f1-45a3-b3c5-61019a3beaef,Nw5VuAusXRQ,"FIRMINO ANOTA HAT-TRICK, E SALAH FAZ GOLA√áO ABSURDO NA PREMIER LEAGUE | Watford 0 x 5 Liverpool",2021-10-16,UCw5-xj3AKqEizC7MvHaIPqA,ESPN Brasil,17,Sports,2021-10-17,678225,35985,265,2054,FALSE,BR,1
de281ae7-bf8a-4879-b982-971cbd80e981,VbBIsoEEs2c,"DE ONDE EU VENHO, 300 ANOS E P√â NA AREIA: TROTE dos novatos da SELE√á√ÉO BRASILEIRA",2021-10-15,UCdQuDaRww5NkKpQQ1BJBWww,Confedera√ß√£o Brasileira de Futebol,17,Sports,2021-10-17,493496,43641,189,881,FALSE,BR,1
db038853-42df-4c24-9d2f-c0e925b599f3,pvIsv6xg67c,AGUIRRE NA SELE√á√ÉO URUGUAIA? ESPECULA√á√ÉO DA SA√çDA DO TREINADOR DEIXA TODOS EM ALERTA NO BEIRA RIO,2021-10-16,UC4QpkZzN08pFibmJAl213-w,Fabiano Baldasso,17,Sports,2021-10-17,32162,4936,62,605,FALSE,BR,1
c08e2238-fd8f-47d0-8f7e-038f59cb32b5,BZ0yjbpJ4Cc,üéôPRONUNCIAMENTO DO PRESIDENTE S√âRGIO SANTOS RODRIGUES,2021-10-15,UCqifkpdmE1z3VhfQoJzwpJQ,Cruzeiro Esporte Clube,17,Sports,2021-10-17,78753,3796,2852,2146,FALSE,BR,1
12b0ced1-365d-4fa6-972b-4f68458a7170,uxtAdSei4Ko,BASTIDORES: S√ÉO PAULO 1 X 1 CEAR√Å | SPFCTV,2021-10-16,UCX3zTAsEoZ61rQMYb_08Tow,S√£o Paulo FC,17,Sports,2021-10-17,120554,15276,134,596,FALSE,BR,1
6451db35-6e39-4187-a522-b0e9d8715f4e,YjtddurtZUU,‚ô´ NEYMAR T√Å DE VOLTA!! E A DUPLA COM RAPHINHA DECOLOU! | Par√≥dia Mulher Kamasutra 2 - MC Livinho,2021-10-15,UCGFNp4Pialo9wjT9Bo8wECA,FutPar√≥dias,17,Sports,2021-10-17,814491,116869,879,3283,FALSE,BR,1
1ca677fb-7396-4e1d-9481-57320855b8de,FmoZCR7XkVA,CENI DE VOLTA AO MORUMBI | SPFCTV,2021-10-14,UCX3zTAsEoZ61rQMYb_08Tow,S√£o Paulo FC,17,Sports,2021-10-17,216865,26400,1077,2264,FALSE,BR,1
be9e1c4d-42c7-4ef6-9b21-257ea0586a03,43_7-w-F9L8,S√ÉO PAULO 1 X 1 CEAR√Å | MELHORES MOMENTOS | 26¬™ RODADA BRASILEIR√ÉO 2021 | ge.globo,2021-10-15,UCgCKagVhzGnZcuP9bSMgMCg,ge,17,Sports,2021-10-17,658397,22853,493,1572,FALSE,BR,1
d1e1c7e0-549d-45ef-9884-619c51d08522,qL0gu0rWQ0c,"MEU DEUS TITE, COLOCA O RAPHINHA DE TITULAR SEMPRE!! RAPHINHA DESTRUIU O URUGUAI COM DOIS GOLS!!",2021-10-15,UC88zpEpyV_wQR4MXO05xf2Q,Full,17,Sports,2021-10-17,82149,10150,92,682,FALSE,BR,1
b26fd7a0-47da-478b-b3ca-0d0805ecd922,X2-j3H7_BXY,üî¥Treino AO VIVO SECA CULOTE - Carol Borba,2021-10-14,UCw_S3AgRp0t-iXw4x5aaZ_Q,Carol Borba,17,Sports,2021-10-17,34072,7231,18,224,FALSE,BR,1
197f9a8d-691a-4e4d-acfe-6c4ee05bf811,Vp0SnBB1PXE,MAIS TR√äS GOLS DE CRISTIANO RONALDO! PORTUGAL 5 X 0 LUXEMBURGO | MELHORES MOMENTOS,2021-10-12,UCs-6sCz2LJm1PrWQN4ErsPw,TNT Sports Brasil,17,Sports,2021-10-17,2053005,129493,830,6777,FALSE,BR,1
ab6a32ce-8924-44f2-bd54-494fdf6f9b2d,AIEVGX1b2GE,NEYMAR JR REAGE A SEUS GOLS NA VILA BELMIRO,2021-10-12,UC5da8mf7_m2eLIlq-GUyxRw,Neymar Jr,17,Sports,2021-10-17,516939,86704,320,3642,FALSE,BR,1
6b44aba8-ea4e-40b0-805c-b389a937963d,ar7h9INTvYE,Dreierpack Firmino! | FC Watford - FC Liverpool | Highlights - Premier League 2021/22,2021-10-16,UC5dCegXiWjE57wKrhWnCo0g,Sky Sport Austria,17,Sports,2021-10-17,92603,2007,21,101,FALSE,DE,1
cce390dc-52fc-4740-bd07-3e6cbbfc6dcf,5qcKiL7AOD8,"Lesnar returns for the Universal Title Match Contract Signing with Reigns: SmackDown, Oct. 15, 202..",2021-10-16,UCJ5v_MCY6GNUBTO8-D3XoAg,WWE,17,Sports,2021-10-17,2872431,81462,1597,4664,FALSE,DE,1
ce610539-4ad5-4234-9eef-5150d33162fb,v3N0EPftlGI,Christian Streich fassungslos: ‚ÄûNewcastle √ºberschreitet jegliches Ma√ü‚Äú,2021-10-15,UCIk-KrB_r6b05FrWIQpbV3Q,SPOX,17,Sports,2021-10-17,209720,3756,63,406,FALSE,DE,1
116e1879-dc6c-4ea8-b666-981c7422ea72,ukP1H0uAukk,Kontra K - Der Sonne entgegen Tour 2022,2021-10-15,UCIgCb1dYprH140Ds0mgeAUA,Kontra K,17,Sports,2021-10-17,38225,3533,30,301,FALSE,DE,1
d820d955-7c89-4434-a367-e9222220bcbc,WWHT7rmqsss,Breaking Down Alphonso Davies' spectacular goal against Panama | World Cup Qualifier,2021-10-14,UCOGxnF5dWQtoEz6E-msabZA,CBC Sports,17,Sports,2021-10-17,253931,4059,98,456,FALSE,DE,1
11a6a966-7b38-4941-9b10-97e286577874,6_QUJMeW7uY,REALTALK: DAS ist Thomas M√ºllers Lieblings-Eis (mit @coldmirror),2021-10-15,UCkBoq9BF-2fIdU4qWeZ5ogg,WUMMS,17,Sports,2021-10-17,69521,5610,38,150,FALSE,DE,1
8408313f-e35d-4c74-a052-0af8533bb7b8,n7-RReFPXag,Eliminatorias | Brasil 4-1 Uruguay | Fecha 12,2021-10-15,UCzU8-lZlRfkV3nj0RzAZdrQ,CONMEBOL,17,Sports,2021-10-17,4354963,0,0,7293,FALSE,DE,1
48becafe-c799-4fba-b4b3-894bd450de51,CiEwLWi-nfU,Erling Haaland shows unbelievable skill during Dortmund training session,2021-10-14,UCcw05gGzjLIs5dnxGkQHMvw,Sky Sports News,17,Sports,2021-10-17,383881,8133,176,1021,FALSE,DE,1
4c9f3de4-4b51-4c2e-9c30-2ce9be27ebe0,vsp4-xWSfNY,Das tut echt wehü§íüôÅ #Shorts,2021-10-14,UCP_5VjaX12UDuWtwNMATvLA,jannikfreestyle,17,Sports,2021-10-17,266964,15134,270,814,FALSE,DE,1
720402eb-711e-4e61-9425-673ebbf74e88,si5-tEirenc,Im Hasenstall mit Lisa und Thomas M√ºller,2021-10-13,UCIn7wtUMkEvDCnLvT15V6aw,Thomas M√ºller,17,Sports,2021-10-17,184930,5436,77,345,FALSE,DE,1
87a20992-78f9-4d61-bbac-c2597ac5953a,l8YUu-47tuw,Canucks @ Oilers 10/13/21 | NHL Highlights,2021-10-14,UCqFMzb-4AUf6WAIbl132QKA,NHL,17,Sports,2021-10-17,123242,1302,121,251,FALSE,DE,1
3fe6bf4d-cd14-4f2b-88dd-24ab580a4b70,kla3E8nCI8c,Timo Werner schie√üt DFB-Team zur WM: Nordmazedonien - Deutschland 0:4 | European Qualifiers | DAZN,2021-10-11,UC-UQNye_z8EqecFJluZ1PxQ,DAZN L√§nderspiele,17,Sports,2021-10-17,1793189,45363,608,2251,FALSE,DE,1
8725575e-5fba-4328-9741-a613753ff79f,_QptQjg168Y,Sch√ºtzenfest f√ºr di Salvo und U 21! | Ungarn ‚Äì Deutschland 1:5 | Highlights | U 21 EM Qualifikation,2021-10-12,UCfMo0xj-sbdzHuzxvKdu1hw,DFB,17,Sports,2021-10-17,239926,4281,54,157,FALSE,DE,1
b14553eb-396c-4f4d-8168-b29c35ea9efa,lUtoO9WQMQY,Dreierpack! CR7 schraubt Torrekord auf 115: Portugal - Luxemburg 5:0 | European Qualifiers | DAZN,2021-10-12,UC-UQNye_z8EqecFJluZ1PxQ,DAZN L√§nderspiele,17,Sports,2021-10-17,1215736,31962,282,1580,FALSE,DE,1
69d98e6e-9b23-474d-b5ed-7d05bccafb60,GDh1ClDMbFc,Jannikfreestyle Ultras‚ùóÔ∏èüò± #Shorts,2021-10-12,UCP_5VjaX12UDuWtwNMATvLA,jannikfreestyle,17,Sports,2021-10-17,465937,24960,941,193,FALSE,DE,1
4b62278e-e1dd-4bb7-a4d4-be62dccf1217,vNTbwxk_X8M,„Äê‰∫àÂëä„ÄëÁ•ûÂõû„Åó„Åã„Å™„ÅÑÔºÅ„Å§„ÅÑ„Å´Êùæ‰∫ïÁßÄÂñú„Åï„Çì„ÅåÈõëË´áÈ≠Ç„Å´Âá∫„Å¶„Åè„Çå„Çã„Åì„Å®„Å´„Å™„Çä„Åæ„Åó„ÅüÔºÅ„Äê„Ç¥„Ç∏„É©YouTubeÂàù‰∏äÈô∏„Äë„Äê35‰∏á‰∫∫Á™ÅÁ†¥Ë®òÂøµ„Äë,2021-10-15,UCGynN2H7DcNjpN7Qng4dZmg,‰∏äÂéüÊµ©Ê≤ª„ÅÆÈõëË´áÈ≠Ç,17,Sports,2021-10-17,205443,5082,310,299,FALSE,JP,1
edec3905-affe-464d-ae7b-4d2f660dba31,S9XWqvNFuUA,„ÄêÁ´ãÊµ™ÂíåÁæ©„Äë‰∏≠Êó•„ÅÆÁõ£Áù£Â∞±‰ªª„Å∏ÔºÅÈ°ûÁ®Ä„Å™ÊâìÊíÉ„Çπ„Çø„Ç§„É´„Å®È©ö„Åç„ÅÆ„ÅäË≤°Â∏É‰∫ãÊÉÖ„Äê„Éü„Çπ„Çø„Éº„Éâ„É©„Ç¥„É≥„Ç∫„Äë,2021-10-15,UCI-w8qGuG4PlmZ25m9x_Q_A,ËÉåÁï™Âè∑5„Äê„ÉÜ„É¨„ÉìÊúùÊó•Ôº†5ch „Çπ„Éù„Éº„ÉÑÂÖ¨Âºè„Äë,17,Sports,2021-10-17,133455,1482,52,91,FALSE,JP,1
4c37912a-4627-4ee4-9e21-b100e953681b,Q0BW56kjMBQ,„ÄêÊ∂ôÊµÆ„Åã„Åπ„Å¶ÊÑüË¨ù„Äë‰ªäÊùëÁåõ„Å´Êà¶ÂäõÂ§ñÈÄöÂëäÔΩú„Éâ„É©1ÂÖ•Âõ£„Éª3ÈÄ£Ë¶á„ÅÆÁ´ãÂΩπËÄÖ,2021-10-14,UC41c53J_kGJk08kdN0xlVRA,„ÄêÁêÉÂõ£„ÅäÂ¢®‰ªò„Åç„ÄëÂãù„Å°„Ç∞„Çª„ÄÇCarp„ÉÅ„É£„É≥„Éç„É´,17,Sports,2021-10-17,412471,3914,67,701,FALSE,JP,1
b68e9f49-6ec3-4266-a5ad-55d7540131e2,MrnpQWsf01Y,„ÄêTeam Cam„Äë2021.10.12 „Ç™„Éº„Çπ„Éà„É©„É™„Ç¢Êà¶ ÂãùÂà©„ÅÆË£èÂÅ¥,2021-10-14,UCgIeUSV91-FfmCayG4lSBcw,JFATV,17,Sports,2021-10-17,226217,3518,326,1070,FALSE,JP,1
945d10d8-6ce7-4a06-bee5-b00292b6bee7,9sIf49Cf2FA,„ÄêÈõªË©±„ÅÆÂ£∞„ÅåÂ§â„Çè„Å£„Åü‚ÄºÔ∏é„ÄëÂàù„ÅÆÂêåÁ¥öÁîüÁõ£Áù£„ÄÄ‰∏≠Êó•„Éâ„É©„Ç¥„É≥„Ç∫„ÄåÁ´ãÊµ™ÂíåÁæ©„ÄçË¶ÅË´ã„Å´„Å§„ÅÑ„Å¶„Äê„Éó„É≠ÈáéÁêÉ„Äë,2021-10-13,UCSFE1o0ihc5mfODf2FybeuA,ÁâáÂ≤°ÁØ§Âè≤„ÉÅ„É£„É≥„Éç„É´,17,Sports,2021-10-17,308873,3682,144,825,FALSE,JP,1
d5acabe1-d19b-4954-954f-32e3f5766372,EydDAAFXr5w,„ÅäÂæÖ„Åü„Åõ„Åó„Åæ„Åó„ÅüÔºÅ„Äé„Éü„Çπ„Çø„Éº„Éâ„É©„Ç¥„É≥„Ç∫„ÄèÁ´ãÊµ™ÂíåÁæ©„ÅåÂàùÁôªÂ†¥ÔºÅ‰∫ïÁ´Ø„ÇÇ„ÉâÁ∑äÂºµ„ÅÆSPÂØæË´áÔºÅÊù•Â≠£„Éâ„É©„Ç¥„É≥„Ç∫ÊßãÊÉ≥„ÅØÔºü„Åæ„Åï„Åã„ÅÆÊñ∞„É¨„ÇÆ„É•„É©„ÉºÂÄôË£ú„ÅÆÂêçÂâç„Åå„Éª„Éª„Éª,2021-10-12,UCdEnz8AGhPTSltUpNOhU7Qg,ÁáÉ„Åà„Éâ„É©ch„ÄêCBC„ÉÜ„É¨„ÉìÂÖ¨Âºè„Äë,17,Sports,2021-10-17,644618,0,0,1239,FALSE,JP,1
2acef7c6-d1c8-48db-8578-ccd7a600e64f,D_uoVzZNJ5w,„ÄêÈÄüÂ†±„Äë„Äé„Äá„Äá„ÇíÂÖ•Èñ£„Åï„Åõ„ÅüÊñπ„Åå„ÅÑ„ÅÑ„Äè‰∏≠Êó•„Éâ„É©„Ç¥„É≥„Ç∫Á´ãÊµ™ÂíåÁæ©Áõ£Áù£Ë™ïÁîü„Å∏ÔºÅÈ´òÊú®„ÅåÊÄù„ÅÜ„Åì„Å®‚Ä¶„Äê„Éó„É≠ÈáéÁêÉ„Éã„É•„Éº„Çπ„Äë,2021-10-13,UCgr5CkgytiVfdnk4C0M42nQ,È´òÊú® Ë±ä Takagi Yutaka,17,Sports,2021-10-17,226921,2850,113,777,FALSE,JP,1
e2d369a5-251d-4ae3-b237-9e61498b5935,JnKRvuOvH7E,„ÄêLIVE„Äë„Éâ„É©„Éï„Éà‰ºöË≠∞ÈÄüÂ†±„ÇíË±™ËèØ„Ç≤„Çπ„Éà„Å®‰∏ÄÁ∑í„Å´Ë¶ãÂÆà„Çç„ÅÜÔºÅ„Äê„Çπ„Éù„Éä„Éì„Éâ„É©„Éï„ÉàÈÄüÂ†±Ë¶ã„Å™„Åå„É©„Ç§„Éñ„Äë,2021-10-11,UCQhxtM_x7tu0Nm35zBAaLfA,„Çπ„Éù„Éº„ÉÑ„Éä„ÉìÂÖ¨Âºè,17,Sports,2021-10-17,1075850,2605,293,26,FALSE,JP,1
f2686646-0390-4396-b30c-dbd437cdbc16,5zCtCIqE15I,„Äê„Éè„Ç§„É©„Ç§„Éà„ÉªÂÆüÊ≥Å„ÄëWÊùØ„Ç¢„Ç∏„Ç¢ÊúÄÁµÇ‰∫àÈÅ∏„ÄÄÊ£Æ‰øù„Ç∏„É£„Éë„É≥„ÄÅÁµ∂‰ΩìÁµ∂ÂëΩ„ÅÆÂ§ß‰∏ÄÁï™ÔºÅÈ¶ñ‰Ωç„Ç™„Éº„Çπ„Éà„É©„É™„Ç¢„ÇíÊíÉÁ†¥ÔºÅ(2021Âπ¥10Êúà12Êó•),2021-10-12,UCGCZAYq5Xxojl_tSXcVJhiQ,ANNnewsCH,17,Sports,2021-10-17,902379,5589,296,1825,FALSE,JP,1
15b12e57-a49b-4d98-b836-dc06271002c2,fXLRFA_ry5w,„Äê„Ç®„Ç∞„ÅÑ„Äë„ÉÜ„Ç£„É¢„É≥„Éá„Ç£È´òÂ≤∏ Ë°ùÊíÉÂºæ #shorts,2021-10-10,UC7M5B6wHkVRtODeNK2Q7BmQ,„ÉÜ„Ç£„É¢„É≥„Éá„Ç£„Éô„Éº„Çπ„Éú„Éº„É´TV,17,Sports,2021-10-17,2452684,13684,789,236,FALSE,JP,1
cd39697c-d358-4756-9408-024f88200a6d,9liJZ_SE9CE,„Äê„Çπ„Çø„É≥„É¨„Éº„É¨„Éá„Ç£„ÇπÊúÄÁµÇÊó•„ÄëÊ∏ãÈáéÊó•ÂêëÂ≠ê„Éè„Ç§„É©„Ç§„Éà,2021-10-10,UCGnoVTZSEoZty8o7Zm5qHxQ,JLPGA„Ç™„Éï„Ç£„Ç∑„É£„É´„ÉÅ„É£„É≥„Éç„É´,17,Sports,2021-10-17,450253,1651,105,87,FALSE,JP,1
274089c2-fad9-41ac-9693-170be655f514,kLm0_d3lQa4,„ÄêÂæÖ„Å°„Å´ÂæÖ„Å£„Åü„ÄëÊ∏ãÈáéÊó•ÂêëÂ≠ê„Å´Áõ¥ÊíÉÔºÅÂ§ßÈÄÜËª¢ÂÑ™Âãù„ÅÆÊ≠£Áõ¥„Å™Ë©±„ÄêJLPGA„Äë,2021-10-10,UCGnoVTZSEoZty8o7Zm5qHxQ,JLPGA„Ç™„Éï„Ç£„Ç∑„É£„É´„ÉÅ„É£„É≥„Éç„É´,17,Sports,2021-10-17,283984,2936,86,179,FALSE,JP,1
5daa419c-81e4-43f5-8ba7-fbcf394bdf5d,0CN6e71kHdo,Á¨¨6Ë©±„ÄêÊøÄÊÄí„ÅÆÁúüÁõ∏„ÄëÈùíÊú®ÂÆ£Ë¶™„ÅÆ„ÅÇ„Çå„ÅØ„Å™„Çì„Å†„Å£„Åü„ÅÆÔºü‰ªä„ÅÆÈñ¢‰øÇ„ÅØÔºü,2021-10-09,UC9uwO3E7TohCjf1X3zU_kOw,Áü≥ÊØõÂÆèÂÖ∏TV,17,Sports,2021-10-17,396390,4930,131,217,FALSE,JP,1
68dd77f5-1343-4037-b78b-866cc3aa7a60,d4RREhR9MqU,„ÄêËèäÊ±†Ê∂º‰ªã„ÅØË¶ã„Å¶„ÅÑ„ÅüÔºÅÔºÅ„ÄëË•øÂ∑ù„Éï„Ç°„Ç§„É≥„Éó„É¨„Éº„Åã„Çâ„ÅÆÁèç„ÉÄ„Éñ„É´„Éó„É¨„Éº,2021-10-09,UC41c53J_kGJk08kdN0xlVRA,„ÄêÁêÉÂõ£„ÅäÂ¢®‰ªò„Åç„ÄëÂãù„Å°„Ç∞„Çª„ÄÇCarp„ÉÅ„É£„É≥„Éç„É´,17,Sports,2021-10-17,228989,1213,43,236,FALSE,JP,1
ed4bcdf2-0c7d-4aea-a1c2-32d5a3f98d42,irr-1-TJj7g,Êòº„ÅÆÈ´òÁ¥öÈ≠ö„Å®Â§úÂçä„ÅÆË±äÊºÅÔºÅ,2021-10-08,UC_LZ1eU2sZfxUq_iyQyYR9w,„Çè„Å£„Åï„ÇÄ„ÉÅ„É£„É≥„Éç„É´,17,Sports,2021-10-17,264588,8200,134,676,FALSE,JP,1
b858e13d-5848-4749-b896-dc338560fd26,yAKgRQ0kmm4,Tyson Fury reacts after epic win over Deontay Wilder and he SINGS for the Las Vegas crowd!,2021-10-10,UC-hWvVvE-crFl5vg5G8QbqA,BT Sport Boxing,17,Sports,2021-10-17,2847837,43375,807,6556,FALSE,US,1
9e3a8442-93c6-4b04-93d4-b4db6b63285a,laPC4ibZnSM,The third Deontay Wilder - Tyson Fury fight lived up to the expectations - Shannon I UNDISPUTED,2021-10-11,UCLXzq85ijg2LwJWFrz4pkmw,Skip and Shannon: UNDISPUTED,17,Sports,2021-10-17,980545,14248,483,2912,FALSE,US,1
ba2a3f58-f625-4fbc-bcdb-4ccc8c739845,FxQ39O0XtLo,Colts vs. Ravens Week 5 Highlights | NFL 2021,2021-10-12,UCDVYQ4Zhbm3S2dlz7P1GBDg,NFL,17,Sports,2021-10-17,2775610,39636,1067,7595,FALSE,US,1
cdc7eee0-5805-4ac9-9ed1-5424076879dc,r8e-QPSF5Yc,Kraken @ Golden Knights 10/12/21 | NHL Highlights,2021-10-13,UCqFMzb-4AUf6WAIbl132QKA,NHL,17,Sports,2021-10-17,193542,2602,76,666,FALSE,US,1
60d90794-ac61-4cdc-9e83-f32c67312ce6,1Lh1XaLaBHQ,FIGHT HIGHLIGHTS | Anthony Joshua vs. Oleksandr Usyk,2021-09-26,UCurvRE5fGcdUgCYWgh-BDsg,DAZN Boxing,17,Sports,2021-10-17,8639065,111931,4845,20881,FALSE,US,1
7430ee5b-e081-4cb8-8e85-a9539897f8db,22gBV3YhwFk,"WARRIORS at LAKERS | NBA PRESEASON FULL GAME HIGHLIGHTS | October 12, 2021",2021-10-13,UCWJ2lWNubArHWmf3FIHbfcQ,NBA,17,Sports,2021-10-17,2371153,27706,1017,5361,FALSE,US,1
6f1a0121-a900-4782-ba5d-16854ce10628,Ar_qqRShHHU,Deontay Wilder and Tyson Fury electric walkouts | PBC ON FOX | Fury vs Wilder III,2021-10-10,UCxm10NbD7LF1fVYcbHbcbXg,PBC ON FOX,17,Sports,2021-10-17,2364213,23865,1246,6341,FALSE,US,1
a16bc490-6d82-47ef-9067-1f5ae2f7448b,p4iUUjpVLM4,Sounds from the Sideline: Week 5 vs NYG | Dallas Cowboys 2021,2021-10-13,UCC0BPKJxAyxjQoRTYbpW0FQ,Dallas Cowboys,17,Sports,2021-10-17,259094,5808,90,846,FALSE,US,1
2e8fa5d2-97c5-454f-8f4e-f484ce2fcdfc,MbWq-EwUy_M,Dice Stacks from $1 to $100,2021-10-06,UChfTcl5XfdTUCjkfuro982Q,That's Amazing Shorts,17,Sports,2021-10-17,69866143,4752285,76533,14218,FALSE,US,1
fa3ed2ca-051a-41bb-9dd8-e7c80cd9dba1,Flj-KI9fOoM,World's Smallest TV | OT 30,2021-10-11,UCRijo3ddMTht_IHyNSNXpNQ,Dude Perfect,17,Sports,2021-10-17,6222811,243518,4150,8519,FALSE,US,1
0318ad89-a98b-458c-8779-d9c4dacb2706,5qcKiL7AOD8,"Lesnar returns for the Universal Title Match Contract Signing with Reigns: SmackDown, Oct. 15, 202..",2021-10-16,UCJ5v_MCY6GNUBTO8-D3XoAg,WWE,17,Sports,2021-10-17,2872431,81462,1596,4664,FALSE,US,1
38feff2d-abd0-453e-b181-5a6623863a66,m244qbMUYZU,Stephen A. reacts to Kyrie Irving's Instagram Live about his stance on the vaccine | First Take,2021-10-14,UCiWLfSweyRNmLpgEHekhoAg,ESPN,17,Sports,2021-10-17,528620,6254,5067,4313,FALSE,US,1
a26cf984-9e86-4846-8f85-404894b87fa4,uMkrHwehUhA,Kyrie Irving is more likely to be traded than play for Nets this season ‚Äî Shannon | NBA | UNDISPUTED,2021-10-14,UCLXzq85ijg2LwJWFrz4pkmw,Skip and Shannon: UNDISPUTED,17,Sports,2021-10-17,668478,8642,1015,3825,FALSE,US,1
ead0385d-3291-4ae9-96ba-0aae98c33a6c,FLOcPilRw-M,Lakers new Big 3 looked like a fire drill in loss to Warriors ‚Äî Skip & Shannon | NBA | UNDISPUTED,2021-10-13,UCLXzq85ijg2LwJWFrz4pkmw,Skip and Shannon: UNDISPUTED,17,Sports,2021-10-17,1077193,12330,473,3100,FALSE,US,1
42cb435b-f26e-4c2b-a19e-406f4c274a2f,ES4S1aNsSb0,Sore loser! An idiot! Tyson Fury reveals what was said between him & Deontay Wilder after huge win,2021-10-10,UC-hWvVvE-crFl5vg5G8QbqA,BT Sport Boxing,17,Sports,2021-10-17,6913800,76838,2088,11112,FALSE,US,1
05f5a906-bc5b-43b7-9e0e-6843e2e9193a,Z_xUiW-ozHw,Buccaneers vs. Eagles Week 6 Highlights | NFL 2021,2021-10-15,UCDVYQ4Zhbm3S2dlz7P1GBDg,NFL,17,Sports,2021-10-17,2168054,23053,979,3901,FALSE,US,1
8376f3be-a042-44f9-967e-e43a4054f5af,unkqwbJAKHs,Stephon Marbury calls out Stephen A. for his comments on Kyrie Irving | First Take,2021-10-15,UCiWLfSweyRNmLpgEHekhoAg,ESPN,17,Sports,2021-10-17,534304,8620,2749,5045,FALSE,US,1
299197f9-a10b-4d02-b8b9-004ec73b1261,n7-RReFPXag,Eliminatorias | Brasil 4-1 Uruguay | Fecha 12,2021-10-15,UCzU8-lZlRfkV3nj0RzAZdrQ,CONMEBOL,17,Sports,2021-10-17,4354963,0,0,7293,FALSE,US,1
43d16b53-c949-4014-b1e4-c543b190a00b,Z_SkdXnEyNU,Dodgers vs. Giants NLDS Game 5 Highlights (10/14/21) | MLB Highlights,2021-10-15,UCoLrcjPV5PbUrUyXq5mjc_A,MLB,17,Sports,2021-10-17,902793,12395,579,2780,FALSE,US,1
55b86557-3741-4df3-b428-f767d79ca17b,BCbW6TQi1JA,"[ÌíÄÎ≤ÑÏ†Ñ/2Ìôî] ÌååÏù¥Ìä∏ ÌíÄÎ≤ÑÏ†Ñ 1Î≤à vs 4Î≤à , 8Î≤à  vs 9Î≤à",2021-10-14,UCc7o0OkR2BDFN4TCgPChjEw,KoreanZombie ÏΩîÎ¶¨ÏïàÏ¢ÄÎπÑ,17,Sports,2021-10-17,1184415,13040,449,4976,FALSE,KR,1
cb6ffe87-3f65-47d0-a655-cf146aa90d27,L_uelHm_lzk,AN INCREDIBLE COMEBACK AT VILLA PARK! | Aston Villa 2-3 Wolves | Highlights,2021-10-16,UCQ7Lqg5Czh5djGK6iOG53KQ,Wolves,17,Sports,2021-10-17,718354,15178,262,839,FALSE,KR,1
94314ed3-6d6d-494b-b17c-8ea12c88c778,zbVHEXP9hj4,Ïã¨ÏÑùÌù¨Îäî ÏµúÎØºÏ†ïÏùÑ Í≥†ÏùòÎ°ú Î∞©Ìï¥ÌñàÎÇò? ÎãπÏãú Í≤ΩÍ∏∞ Ïû•Î©¥Í≥º Ïù∏ÌÑ∞Î∑∞Î•º Îì§Ïó¨Îã§Î¥§ÏäµÎãàÎã§! / Ïä§Ìè¨Ï∏†Î®∏Í∑∏,2021-10-12,UCUQVGXF4U-PupGCPdIRX4Qw,Ïä§Ìè¨Ï∏†Î®∏Í∑∏ - SPORTSMUG,17,Sports,2021-10-17,1687921,6582,365,5159,FALSE,KR,1
dc53e628-e68a-4646-9be5-83f159fafcdd,L1w3M2Mb944,"Ï†ÄÎûë Ïã∏Ïõ†Îçò ÌååÏù¥ÌÑ∞, 13Î≤àÍ≥º ÎßåÎÇ¨ÏäµÎãàÎã§",2021-10-13,UCrc9P_BBKjNDYr2TUdosfKQ,Ï°∞Ï§Ä_Jun Cho,17,Sports,2021-10-17,494100,6633,200,1296,FALSE,KR,1
33313d60-f1eb-48d0-976e-faffe30ad802,n4__I-BcO9E,ÏäπÍ≤© Ïù∏ÏÉù Í±∏Í≥† Ìï©ÎãàÎã§‚Ä¶ÌÅ∞ Ïö∏Î¶ºÏùÑ Ï§Ä ÏùºÎ≥∏ ÏÑ†ÏàòÏùò ÌïúÍµ≠Ïñ¥ Ïù∏ÌÑ∞Î∑∞ / Ïä§Ìè¨Ï∏†Î®∏Í∑∏,2021-10-12,UCUQVGXF4U-PupGCPdIRX4Qw,Ïä§Ìè¨Ï∏†Î®∏Í∑∏ - SPORTSMUG,17,Sports,2021-10-17,1062316,20990,158,3529,FALSE,KR,1
07932153-bcbb-4caa-abd0-0dfcc10fa5d2,y-b2--LGdjE,ÎìúÎîîÏñ¥ Íµ≠ÏßÑTVÏóê Ïù¥Í∏ÄÏÉ∑Ïù¥ ÎÇòÏôîÎã§?! _ Ïù¥ÏÜåÎùºÏôÄ ÎùºÏö¥Îìú 2Ìé∏,2021-10-11,UCgp0KTkZeA9LGE7ooDzA5bA,ÍπÄÍµ≠ÏßÑTV_Í±∞Ïπ®ÏóÜÎäî Í≥®ÌîÑ,17,Sports,2021-10-17,366172,4054,118,344,FALSE,KR,1
ea7124c2-778d-4295-b25d-ca77fe0f812d,moWz-iJt21A,[ÏõîÎìúÏªµÏµúÏ¢ÖÏòàÏÑ†] ÎåÄÌïúÎØºÍµ≠ VS ÏãúÎ¶¨ÏïÑ 3Ï∞®Ï†Ñ H/L„Ö£AFC ÏïÑÏãúÏïÑÏßÄÏó≠ ÏõîÎìúÏªµ ÏµúÏ¢ÖÏòàÏÑ†,2021-10-08,UCtybqqaTj6Nx74Azdz1KrsA,tvN SPORTS,17,Sports,2021-10-17,1467384,10637,521,5691,FALSE,KR,1
6d4d4a84-fa8b-43c9-bc6e-b5851cde1d9a,Fbm0o9eB4k4,Î®πÎ∞© Ï†ÑÏüÅ : ÏÇ¨ÎûëÏä§Îü¨War (feat. 401 Ï†ïÏú°ÏãùÎãπ),2021-10-07,UCoe-0EVDJnjlSoPK8ygcGwQ,ÍπÄÏ¢ÖÍµ≠ GYM JONG KOOK,17,Sports,2021-10-17,1109289,26247,261,1904,FALSE,KR,1
fd7aa3d5-f4e2-4800-835f-96094898d2d4,teW4t31VMMA,Î∞∞ÌãÄÎ°úÏñÑ Ïã§ÏÇ¨Ìåê. ÏÉùÏ°¥ Í≤©Ìà¨ ÏÑúÎ∞îÏù¥Î≤å l ÌååÏù¥Ìä∏ ÌÅ¥ÎüΩ EP.1,2021-10-04,UCc7o0OkR2BDFN4TCgPChjEw,KoreanZombie ÏΩîÎ¶¨ÏïàÏ¢ÄÎπÑ,17,Sports,2021-10-17,3182863,40874,1189,8349,FALSE,KR,1
cd062337-7089-41bd-a761-7001b5987ef6,GiWD30T_7H0,[21/22 PL] 7R ÌÜ†Ìä∏ÎÑò vs ÏïÑÏä§ÌÜ§ ÎπåÎùº MVP ÏÜêÌù•ÎØº,2021-10-04,UCtm_QoN2SIxwCE-59shX7Qg,SPOTV,17,Sports,2021-10-17,2685339,21109,724,4163,FALSE,KR,1
c4995041-f750-4bc9-9f0d-d3642543825e,79PASqBQ5TA,'ÏßÑÏßú'Îì§Ïùò 'ÏßÑÏßú' Ï∂ïÍµ¨ÔΩúÌï¥Ïô∏Ï∂ïÍµ¨ Ï£ºÍ∞Ñ Î™®Ïùå.zip,2021-10-09,UCkFGfvN6AAhoBVSqju0CgmA,SPOTV Ïò§Î¶¨ÏßÄÎÑê,17,Sports,2021-10-17,495864,4003,104,426,FALSE,KR,1
c8b3a309-56e5-482f-b752-ce44c16036d0,oE0T3Hywums,ÌôçÏÑùÏ≤ú ÏßëÏóêÏÑú ÏùºÏñ¥ÎÇú Ïùº... „Ö£ ÌîÑÎ°úÌã¥Ïä§ 101,2021-10-10,UCdtRAcd3L_UpV4tMXCw63NQ,ÌîºÏßÄÏª¨Í∞§Îü¨Î¶¨,17,Sports,2021-10-17,745713,11573,261,1354,FALSE,KR,1
0c8b686a-634c-4056-a076-2a46d73d3039,NsCwM6KQnG0,Bellator 268: Prelims | Light Heavyweight World Grand Prix Semifinals | BELLATOR MMA x SHOWTIME,2021-10-17,UCFPoJNd0d4k1H9A6UOlikcg,SHOWTIME Sports,17,Sports,2021-10-17,127224,1834,60,58,FALSE,RU,1
a718468c-adca-4c8d-97a2-9ae8d345fdaa,Ndh6nef1lPE,Knockout Of The Year?! Superbon SHOCKS Giorgio Petrosyan üò±,2021-10-15,UCiormkBf3jm6mfb7k0yPbKA,ONE Championship,17,Sports,2021-10-17,1020267,12516,410,2220,FALSE,RU,1
a1a159b4-f63e-45fb-b976-4d91eb4e8e2a,FKqoGahGizo,Day 1 - Tatami 2: Paris Grand Slam 2021,2021-10-16,UCeYa3QaP2n7I8SpGSqD-kUQ,Judo,17,Sports,2021-10-17,72946,469,12,1,FALSE,RU,1
40c4bf77-2715-4d3f-8e3b-4d9ebbd8d397,F1QYm_0daWs,Day 1 - Tatami 3: Paris Grand Slam 2021,2021-10-16,UCeYa3QaP2n7I8SpGSqD-kUQ,Judo,17,Sports,2021-10-17,59388,369,15,3,FALSE,RU,1
f925dd21-0ef8-4cfb-a14e-25d5f28ecaee,Y432X1OhdMU,–ì—É—Å–µ–π–Ω–æ–≤ –ë–´–ß–ò–¢ –Ω–∞ –®–ª–µ–º–µ–Ω–∫–æ / –ó–ª–æ–π –®—Ç–æ—Ä–º –ø–æ—Å–ª–µ —Å—Ç—ã—á–∫–∏ –Ω–∞ –≤–∑–≤–µ—à–∏–≤–∞–Ω–∏–∏,2021-10-16,UClk_DNP1t5fXhu9yBQRD6yg,–ê–ª–µ–∫—Å–∞–Ω–¥—Ä –õ—é—Ç–∏–∫–æ–≤,17,Sports,2021-10-17,205997,6804,210,1955,FALSE,RU,1
4baeb443-7a02-4630-a0bf-3a4e3fd4b851,4a54dT9hFPc,–®–õ–ï–ú–ï–ù–ö–û –¢–û–õ–ö–ù–£–õ –ì–£–°–ï–ô–ù–û–í–ê! –û–ì–û–ù–¨ –ù–ê –ë–ò–¢–í–ï –í–ó–ì–õ–Ø–î–û–í!,2021-10-16,UCaPUQ2WnmAxqdl8mbgIfzng,–£—à–∞—Ç–∞–π–∫–∞ : –°–ø–æ—Ä—Ç-–≠–∫—Å–ø—Ä–µ—Å—Å,17,Sports,2021-10-17,429736,5815,200,2552,FALSE,RU,1
605e3c11-73f9-4be0-8183-2514d7b88dbd,9JpcEDT9vCQ,–¢-34 VS –±–æ–µ—Ü UFC. –•–∞–¥–∏—Å VS –ê–Ω–¥—Ä—é—à–∫–æ. –ù–∞–∑–∏—Ä. –ê—Ä–º–µ–µ—Ü VS –ù–∏–ª–æ–≤. –ú–∞—Ä–∞—Ç –ë–∞–ª–∞–µ–≤ –Ω–∞ –•–∞—Ä–¥–∫–æ—Ä–µ. 1/8 –≥—Ä–∞–Ω-–ø—Ä–∏,2021-10-14,UCJTBRN07wXXuUNZ722TtQYg,HFC MMA,17,Sports,2021-10-17,1203498,42730,3623,7350,FALSE,RU,1
af6f7fec-507a-4178-818a-28f650c0273c,qsrUic-Rjew,–®–õ–ï–ú–ï–ù–ö–û –í –Ø–†–û–°–¢–ò! –ñ–µ—Å—Ç–∫–æ–µ –∏–Ω—Ç–µ—Ä–≤—å—é –ø—Ä–æ –ì—É—Å–µ–π–Ω–æ–≤–∞ –ø–æ—Å–ª–µ –û–ì–ù–ï–ù–ù–û–ô –ë–ò–¢–í–´ –í–ó–ì–õ–Ø–î–û–í,2021-10-16,UCaPUQ2WnmAxqdl8mbgIfzng,–£—à–∞—Ç–∞–π–∫–∞ : –°–ø–æ—Ä—Ç-–≠–∫—Å–ø—Ä–µ—Å—Å,17,Sports,2021-10-17,277963,6385,127,1533,FALSE,RU,1
8b9e1c1e-0e20-48e8-b1fb-bac77abb336f,YIBOADeWel0,–ü–†–ï–°–°-–ö–û–ù–§–ï–†–ï–ù–¶–ò–Ø –ü–û–°–õ–ï –ë–û–Ø –í–õ–ê–î–ò–ú–ò–†–ê –ú–ò–ù–ï–ï–í–ê –ò –ú–ê–ì–û–ú–ï–î–ê –ò–°–ú–ê–ò–õ–û–í–ê!,2021-10-16,UCzLUGktDyr8MPCV27O1JpAw,FIGHT NIGHTS GLOBAL TV,17,Sports,2021-10-17,196068,3961,230,796,FALSE,RU,1
34d7d37b-016c-4fee-832a-467dc5362bc4,EpnC1zhMIbo,–í–∞—à–∏–Ω–≥—Ç–æ–Ω ‚Äî –¢–∞–º–ø–∞-–ë—ç–π.  –û–±–∑–æ—Ä –º–∞—Ç—á–∞: 17 –æ–∫—Ç—è–±—Ä—è 2021,2021-10-17,UCWwCM3cvQjiAecvkph7EyCQ,vlad pergler,17,Sports,2021-10-17,35292,0,0,225,FALSE,RU,1
398c870c-3f73-479f-9bd6-3d0e3f6ade0a,ArGq341L144,"Highlights: Watford 0-5 Liverpool | Mane, Salah & a Firmino hat-trick for sensational Reds",2021-10-16,UC9LQwHZoucFT94I2h6JOcjw,Liverpool FC,17,Sports,2021-10-17,1705824,46183,638,1993,FALSE,RU,1
018c8f8c-4eac-44bd-b359-8e203e8169ce,HP_Q0b96eys,–¢–û–ü 10 –ó–ê–ï–ó–î–û–í - 7–π –≠–¢–ê–ü RDS GP –°–û–ß–ò –ê–í–¢–û–î–†–û–ú - –ö–í–ê–õ–ò–§–ò–ö–ê–¶–ò–Ø RDS GP 2021,2021-10-16,UCiyFWXStxJUooYLqD359h-A,–†–æ—Å—Å–∏–π—Å–∫–∞—è –î—Ä–∏—Ñ—Ç –°–µ—Ä–∏—è RDS,17,Sports,2021-10-17,55481,3013,52,345,FALSE,RU,1
bcf74f1c-3579-43d4-9753-46434981f874,HOtrLwm8SWM,–õ–£–ß–®–ò–ô –ë–û–ô –ì–û–î–ê! –¢–ê–ö–û–ï –°–¢–û–ò–õ–û –ñ–î–ê–¢–¨! / –í–ª–∞–¥–∏–º–∏—Ä –ú–∏–Ω–µ–µ–≤ vs. –ú–∞–≥–æ–º–µ–¥ –ò—Å–º–∞–∏–ª–æ–≤ / Mineev vs. Ismailov,2021-10-16,UCzLUGktDyr8MPCV27O1JpAw,FIGHT NIGHTS GLOBAL TV,17,Sports,2021-10-17,856327,28146,1367,6089,FALSE,RU,1
32e64fd5-f078-4bc5-8a14-dd3e37099909,HV750ea9LYg,16.10.2021 –ê—Ä—Å–µ–Ω–∞–ª - –ó–µ–Ω–∏—Ç. –û–±–∑–æ—Ä –º–∞—Ç—á–∞,2021-10-16,UCtetJiD_llxdGL4Uh5-Oe2w,–ú–∞—Ç—á –¢–í,17,Sports,2021-10-17,552171,14250,465,1919,FALSE,RU,1
8fdcdb49-b2d2-4fc2-8202-8a32c9d33bf9,vVz4pApU2lU,16.10.2021 –†—É–±–∏–Ω - –õ–æ–∫–æ–º–æ—Ç–∏–≤. –û–±–∑–æ—Ä –º–∞—Ç—á–∞,2021-10-16,UCtetJiD_llxdGL4Uh5-Oe2w,–ú–∞—Ç—á –¢–í,17,Sports,2021-10-17,372145,7654,228,704,FALSE,RU,1
dedbba0c-0cba-4b10-adda-b07e4a2ecc25,bu-u2j59vm8,–ü–µ—Ä–≤–æ–µ –∏–Ω—Ç–µ—Ä–≤—å—é –ñ–∏–≥–æ –Ω–∞ —Ä—É—Å—Å–∫–æ–º! –î–∂–∏–∫–∏—è –ø–æ—Å–≤—è—Ç–∏–ª –≥–æ–ª –°–∏–º–æ–Ω—è–Ω—É,2021-10-16,UCgki8WHtFvVlcqgCocQVhhQ,FC Spartak Moscow,17,Sports,2021-10-17,41409,2603,18,223,FALSE,RU,1
f4c51069-ab7b-4558-bdd1-bcc48a545dc1,jIsKBgk7w-k,16.10.2021 –°–ø–∞—Ä—Ç–∞–∫ - –î–∏–Ω–∞–º–æ. –û–±–∑–æ—Ä –º–∞—Ç—á–∞,2021-10-16,UCtetJiD_llxdGL4Uh5-Oe2w,–ú–∞—Ç—á –¢–í,17,Sports,2021-10-17,584320,14109,421,1575,FALSE,RU,1
37616769-7c18-4a4e-b742-993f51186c08,wDB4QrMYq0Y,16.10.2021 –õ–µ—Å—Ç–µ—Ä –°–∏—Ç–∏ ‚Äî –ú–∞–Ω—á–µ—Å—Ç–µ—Ä –Æ–Ω–∞–π—Ç–µ–¥. –õ—É—á—à–∏–µ –º–æ–º–µ–Ω—Ç—ã –º–∞—Ç—á–∞,2021-10-16,UChRptIBYItIqMBbKv6B9WEw,PRO –§—É—Ç–±–æ–ª,17,Sports,2021-10-17,326699,9506,220,676,FALSE,RU,1
d6f1d3e6-34ae-4daf-8db2-305fd4d37def,wZ2KR75Ruto,–í–õ–ê–î–ò–ú–ò–† –ú–ò–ù–ï–ï–í: –°–õ–û–í–ê –ü–û–°–õ–ï –ë–û–Ø –° –ú–ê–ì–û–ú–ï–î–û–ú –ò–°–ú–ê–ò–õ–û–í–´–ú,2021-10-16,UCaPUQ2WnmAxqdl8mbgIfzng,–£—à–∞—Ç–∞–π–∫–∞ : –°–ø–æ—Ä—Ç-–≠–∫—Å–ø—Ä–µ—Å—Å,17,Sports,2021-10-17,583448,11047,279,3110,FALSE,RU,1
5b067862-553a-4c86-876d-b78fc4bc0ee8,QF669kbVfWQ,–ö–æ–Ω—Ñ–ª–∏–∫—Ç –®–ª–µ–º–µ–Ω–∫–æ –∏ –ì—É—Å–µ–π–Ω–æ–≤–∞ –ò–ó-–ó–ê –í–ï–°–ê: ¬´–ü—É—Å—Ç—å —Å –•–∞–±–∏–±–æ–º –≥–æ–≤–æ—Ä–∏—Ç!¬ª,2021-10-16,UClk_DNP1t5fXhu9yBQRD6yg,–ê–ª–µ–∫—Å–∞–Ω–¥—Ä –õ—é—Ç–∏–∫–æ–≤,17,Sports,2021-10-17,373007,10551,304,2492,FALSE,RU,1
c391f81a-2cde-4091-a61d-5b614c2fba68,Jhu23WyvBb0,"–ü–æ–ª–Ω—ã–π –ë–æ–π –í–∞–¥–∏–º –ù–µ–º–∫–æ–≤ vs –î–∂—É–ª–∏—É—Å –≠–Ω–≥–ª–∏–∫–∞—Å / –û–ë–ó–û–† BELLATOR 268 / –†–∞–π–∞–Ω –ë–µ–π–¥–µ—Ä, –ö–æ—Ä–∏ –ê–Ω–¥–µ—Ä—Å–æ–Ω",2021-10-17,UCEKuVOVCo3LwFYwlsRWOsRw,MMA review,17,Sports,2021-10-17,123218,4490,322,278,FALSE,RU,1
e46d0c1c-8c74-45c6-9c0e-9753a7c23e3a,OgMW7tgA0GE,–ú–∏–Ω–µ–µ–≤ vs –ò—Å–º–∞–∏–ª–æ–≤ –ü–†–ï–°–°-–ö–û–ù–§–ï–†–ï–ù–¶–ò–Ø –ü–û–°–õ–ï –ë–û–Ø / –ú–∞–≥–∞ –ó–ê–í–ï–†–®–ê–ï–¢ –ö–ê–†–¨–ï–†–£? / –°–ò–õ–¨–ù–´–ï –≠–ú–û–¶–ò–ò,2021-10-17,UCvv3Wit_a18sM17CayokObQ,Sport24: –ö—É–ª—å—Ç—É—Ä–∞ –±–∏—Ç–∏—è,17,Sports,2021-10-17,161948,3142,100,964,FALSE,RU,1
3e0300b2-decc-484f-8da7-688b5cf3a31c,x5l9JLjZ9dc,"–ö–∞–º–∏–ª –ì–∞–¥–∂–∏–µ–≤ - –ø—Ä–æ –ú–∞–≥—É –≤ –Ω–æ–∫–∞—É—Ç–µ, –ø–æ—á–µ–º—É –®–ª–µ–º–µ–Ω–∫–æ –¥–æ–ª–∂–µ–Ω –≤—ã–∑–≤–∞—Ç—å –ú–∏–Ω–µ–µ–≤–∞",2021-10-16,UClk_DNP1t5fXhu9yBQRD6yg,–ê–ª–µ–∫—Å–∞–Ω–¥—Ä –õ—é—Ç–∏–∫–æ–≤,17,Sports,2021-10-17,280487,6912,302,1419,FALSE,RU,1
